zone,slice,model,days,pinball_mean,pinball_ci_lo,pinball_ci_hi,diff_vs_champion,diff_ci_lo,diff_ci_hi,dm_p_vs_champion
SE3,overall,ensemble_hourly_exp,368,5.26162151758346,4.864929773895728,5.674015682073305,0.0,0.0,0.0,
SE3,overall,ensemble_hourly_exp_disagree,368,5.270451434489787,4.878660019462297,5.686027133953303,0.008829916906326233,0.0007955935778481847,0.017601063827998156,0.049450223350983945
SE3,overall,ensemble_hourly_exp_weather,368,5.25781349145412,4.866594314342005,5.671387824131068,-0.003808026129341329,-0.023016336350231686,0.014436430185029414,0.6847417919788547
SE3,wind_change_top_decile,ensemble_hourly_exp,27,5.958052311433674,4.388092839692952,8.274956788873649,0.0,0.0,0.0,
SE3,wind_change_top_decile,ensemble_hourly_exp_disagree,27,5.962162634362693,4.399235940357602,8.27148033451814,0.004110322929019772,-0.021879338713177054,0.030005309395868558,0.7713602035904588
SE3,wind_change_top_decile,ensemble_hourly_exp_weather,27,5.874902924885702,4.364271094843884,8.119370354360862,-0.08314938654797249,-0.21462078027090703,0.03276079444866914,0.19465186395870734
SE3,member_disagreement_top_decile,ensemble_hourly_exp,33,7.215526056608987,5.494983123686693,8.990563517068436,0.0,0.0,0.0,
SE3,member_disagreement_top_decile,ensemble_hourly_exp_disagree,33,7.210624094116285,5.518274016606779,8.949889975802625,-0.004901962492701106,-0.053378055923960964,0.04051776969162869,0.8451098183818133
SE3,member_disagreement_top_decile,ensemble_hourly_exp_weather,33,7.268529275266183,5.523471920686314,9.057918545287949,0.05300321865719593,-0.045000031484583,0.14560389361315987,0.294471043794219
SE3,night_00_05,ensemble_hourly_exp,368,2.989335114407024,2.6332159559854786,3.4048242286486254,0.0,0.0,0.0,
SE3,night_00_05,ensemble_hourly_exp_disagree,368,2.9923426370455863,2.6386744250354974,3.4062497757191856,0.0030075226385617463,-0.00883620002120174,0.015840690611830553,0.6540659514245277
SE3,night_00_05,ensemble_hourly_exp_weather,368,2.9966750482089854,2.6413915669923274,3.4121737661533134,0.00733993380196138,-0.000517073387899389,0.016014505634964864,0.11348203385043953
SE4,overall,ensemble_hourly_exp,368,6.412996566584039,5.87474551042559,7.054728731351832,0.0,0.0,0.0,
SE4,overall,ensemble_hourly_exp_disagree,368,6.415191798367873,5.8790161704946735,7.05846564761567,0.0021952317838344,-0.01564770144960547,0.017837059036847677,0.7830665955250083
SE4,overall,ensemble_hourly_exp_weather,368,6.413659312513966,5.8777345767752935,7.0551824034477235,0.0006627459299275078,-0.01551529924250393,0.015709494326624943,0.9455595384183205
SE4,wind_change_top_decile,ensemble_hourly_exp,34,6.331329486714354,5.2706250610124314,7.818614598027994,0.0,0.0,0.0,
SE4,wind_change_top_decile,ensemble_hourly_exp_disagree,34,6.332108409777938,5.2593419602833285,7.818491100649583,0.0007789230635831486,-0.031719867967515095,0.036160566401048554,0.9653088436509908
SE4,wind_change_top_decile,ensemble_hourly_exp_weather,34,6.334283065258395,5.271372748559914,7.8177499106553245,0.002953578544041102,-0.06300697926264014,0.07387922040804544,0.9338298040398878
SE4,member_disagreement_top_decile,ensemble_hourly_exp,40,8.594064092947635,6.422338274632693,11.069818769413112,0.0,0.0,0.0,
SE4,member_disagreement_top_decile,ensemble_hourly_exp_disagree,40,8.555349675014593,6.455470225347167,10.959489917115496,-0.03871441793304129,-0.16084349760079064,0.040961045361440226,0.4229918438557161
SE4,member_disagreement_top_decile,ensemble_hourly_exp_weather,40,8.576408096309601,6.407230057739318,11.076492353414555,-0.01765599663803278,-0.10477258022776875,0.06001809647976081,0.7636094457318889
SE4,night_00_05,ensemble_hourly_exp,368,4.06419264347327,3.4965643647286777,4.719666700253246,0.0,0.0,0.0,
SE4,night_00_05,ensemble_hourly_exp_disagree,368,4.076243276229539,3.507541180292255,4.726649425321301,0.012050632756268626,-0.005485111961338737,0.03105468431404588,0.24762744838565756
SE4,night_00_05,ensemble_hourly_exp_weather,368,4.070777592024726,3.504994136741772,4.724068146652295,0.006584948551455752,-0.008523798167806622,0.021680752811530084,0.42045413012896904
SE2,overall,ensemble_hourly_exp,368,4.5054576456427915,3.8196003767509272,5.202974755025038,0.0,0.0,0.0,
SE2,overall,ensemble_hourly_exp_disagree,368,4.5156328705554865,3.8285695073699646,5.211668241620667,0.010175224912695074,-0.0034472214462153684,0.023327304747591537,0.08418816567019102
SE2,overall,ensemble_hourly_exp_weather,368,4.502934539791571,3.8191750622653107,5.1966239169179635,-0.002523105851219825,-0.019169247051643443,0.013842464066583736,0.8004467563353767
SE2,wind_change_top_decile,ensemble_hourly_exp,30,4.547317789086921,3.3534896282684157,5.93945501203012,0.0,0.0,0.0,
SE2,wind_change_top_decile,ensemble_hourly_exp_disagree,30,4.554965063978344,3.3693479772267283,5.950292147393304,0.007647274891423485,-0.0193595156017193,0.0341691633689238,0.6060728996148699
SE2,wind_change_top_decile,ensemble_hourly_exp_weather,30,4.53081890134422,3.354971512371825,5.925202234014972,-0.016498887742700825,-0.08820032898090731,0.05551883893177729,0.6905488169560049
SE2,member_disagreement_top_decile,ensemble_hourly_exp,36,8.129511217847638,6.3142277589687605,10.081592795834519,0.0,0.0,0.0,
SE2,member_disagreement_top_decile,ensemble_hourly_exp_disagree,36,8.197428345609815,6.360487849023909,10.154723063603202,0.06791712776217415,-0.017706582041006814,0.1497156870630412,0.11406509137853126
SE2,member_disagreement_top_decile,ensemble_hourly_exp_weather,36,8.125021817041436,6.263378477952865,10.085647196511282,-0.004489400806202994,-0.1379105920853264,0.1105898719812298,0.9427028633614458
SE2,night_00_05,ensemble_hourly_exp,368,2.2781308254008086,1.897192740566235,2.7080456648371527,0.0,0.0,0.0,
SE2,night_00_05,ensemble_hourly_exp_disagree,368,2.281642063911644,1.900461825633336,2.706522905634302,0.003511238510835513,-0.005262325195779743,0.011956157373006721,0.4256186706023656
SE2,night_00_05,ensemble_hourly_exp_weather,368,2.287086457074434,1.9096957373251509,2.7122199652381314,0.008955631673625276,-0.001141330248891368,0.01982582128685625,0.1405570674215687
SE1,overall,ensemble_hourly_exp,368,4.589989911971895,3.945541888585495,5.246550356431276,0.0,0.0,0.0,
SE1,overall,ensemble_hourly_exp_disagree,368,4.607551278238377,3.965362291391652,5.265353387219845,0.017561366266482047,0.004642673762225523,0.03058769836043181,0.0062791743534769025
SE1,overall,ensemble_hourly_exp_weather,368,4.597110480682079,3.9489714975527885,5.262806048691393,0.00712056871018396,-0.014516482963586408,0.03521741182002058,0.4543163815613836
SE1,wind_change_top_decile,ensemble_hourly_exp,27,4.586966014341609,3.159419766522317,6.000334826074057,0.0,0.0,0.0,
SE1,wind_change_top_decile,ensemble_hourly_exp_disagree,27,4.5962255635285265,3.166006209269969,5.9999832950098755,0.009259549186916639,-0.01801739923756761,0.0426810489796809,0.5284736561061132
SE1,wind_change_top_decile,ensemble_hourly_exp_weather,27,4.599657830522076,3.1574097266791417,6.0055725158689,0.012691816180466458,-0.046886296266069404,0.08796257863236699,0.7159834118959214
SE1,member_disagreement_top_decile,ensemble_hourly_exp,35,7.50043500855227,6.5241307749713,8.528343874433927,0.0,0.0,0.0,
SE1,member_disagreement_top_decile,ensemble_hourly_exp_disagree,35,7.527066704728194,6.569043667656593,8.523975583958489,0.026631696175922925,-0.03356596774857234,0.09036448445338462,0.3992770656641637
SE1,member_disagreement_top_decile,ensemble_hourly_exp_weather,35,7.505043442933389,6.4695905797302755,8.557910929850237,0.004608434381116793,-0.14080389350381753,0.20566632596043485,0.9489394076014122
SE1,night_00_05,ensemble_hourly_exp,368,2.1442447552028945,1.8144732819243408,2.4964199325749945,0.0,0.0,0.0,
SE1,night_00_05,ensemble_hourly_exp_disagree,368,2.149664468628281,1.8209573078521781,2.4977144720714284,0.005419713425386333,-0.007655492272232942,0.019489968710929107,0.4114157002449547
SE1,night_00_05,ensemble_hourly_exp_weather,368,2.1461719272491995,1.8183724757138249,2.4983842924637143,0.0019271720463048705,-0.005850837920057269,0.009303292504716341,0.59375720703311
